Model,MAE,RMSE,R²,Status
AR Walk-Forward,1.596089721819008,2.325729350686487,0.7704367949300659,✅ Production Ready
Simple Mean Baseline,3.7196611087046954,4.854092342322074,0.0,Baseline
